Designator,Val,Package,Mid X,Mid Y,Rotation,Layer
A1,Adafruit_Feather_HUZZAH32_ESP32,Adafruit_Feather,163.1696,-65.5066,0.0,top
C1,220n,C_0603_1608Metric,150.0,-65.225,90.0,top
C10,10u,C_1206_3216Metric,64.5,-101.575,-90.0,top
C11,10u,C_1206_3216Metric,66.9,-101.575,-90.0,top
C12,10u,C_1206_3216Metric,80.7,-101.6,-90.0,top
C13,10u,C_1206_3216Metric,83.2,-101.6,-90.0,top
C14,10u,C_1206_3216Metric,85.7,-101.6,-90.0,top
C15,10u,C_1206_3216Metric,88.2,-101.6,-90.0,top
C16,10u,C_1206_3216Metric,90.7,-101.575,-90.0,top
C17,10u,C_1206_3216Metric,93.15,-101.575,-90.0,top
C18,10u,C_1206_3216Metric,95.7,-101.575,-90.0,top
C19,10u,C_1206_3216Metric,90.9,-92.9,90.0,top
C2,0.1u,C_0603_1608Metric,53.0,-85.5,180.0,top
C20,10u,C_1206_3216Metric,93.3,-92.9,90.0,top
C21,4.7m,CP_Radial_D18.0mm_P7.50mm,106.6,-108.75,-90.0,top
C22,4.7m,CP_Radial_D18.0mm_P7.50mm,125.5,-108.75,-90.0,top
C23,4.7m,CP_Radial_D18.0mm_P7.50mm,106.5,-89.25,90.0,top
C24,4.7m,CP_Radial_D18.0mm_P7.50mm,125.7,-89.22778,90.0,top
C25,1u,C_0603_1608Metric,63.4,-117.9,180.0,top
C26,220n,C_0603_1608Metric,67.15,-119.9,180.0,top
C27,150n,C_0603_1608Metric,67.15,-121.5,180.0,top
C28,330p,C_0603_1608Metric,63.4,-116.3,180.0,top
C29,0.1u,C_0603_1608Metric,79.1,-114.4,0.0,top
C3,0.1u,C_0603_1608Metric,143.9,-104.6,-90.0,top
C30,1u,C_0603_1608Metric,79.1,-116.0,0.0,top
C31,220n,C_0603_1608Metric,74.325,-112.4,180.0,top
C32,220n,C_0603_1608Metric,77.1,-118.275,-90.0,top
C33,47p,C_0603_1608Metric,73.85,-122.4,180.0,top
C34,10u,C_1206_3216Metric,101.975,-70.375,90.0,top
C35,10u,C_1206_3216Metric,104.375,-70.375,90.0,top
C36,0.1u,C_0603_1608Metric,106.475,-69.975,90.0,top
C37,0.1u,C_0603_1608Metric,112.675,-67.375,0.0,top
C38,nm,C_0603_1608Metric,119.4,-64.2,-90.0,top
C39,10u,C_1206_3216Metric,100.075,-56.075,0.0,top
C4,0.1u,C_0603_1608Metric,141.725,-73.0,0.0,top
C40,10u,C_1206_3216Metric,100.075,-58.475,0.0,top
C41,10u,C_1206_3216Metric,100.075,-60.875,0.0,top
C42,10u,C_1206_3216Metric,100.075,-63.275,0.0,top
C43,0.1u,C_0603_1608Metric,100.875,-54.075,0.0,top
C44,0.1u,C_0603_1608Metric,221.5,-59.0,-90.0,top
C45,0.1u,C_0603_1608Metric,221.5,-73.5,-90.0,top
C46,0.1u,C_0603_1608Metric,221.5,-88.0,-90.0,top
C47,0.1u,C_0603_1608Metric,221.5,-102.5,-90.0,top
C48,0.1u,C_0603_1608Metric,221.5,-117.0,-90.0,top
C49,0.1u,C_0603_1608Metric,210.5,-133.0,180.0,top
C5,0.1u,C_0603_1608Metric,136.25,-57.7,0.0,top
C50,0.1u,C_0603_1608Metric,195.5,-133.0,180.0,top
C51,0.1u,C_0603_1608Metric,180.5,-133.0,180.0,top
C52,0.1u,C_0603_1608Metric,165.5,-133.0,180.0,top
C53,0.1u,C_0603_1608Metric,150.5,-133.0,180.0,top
C6,47u,CP_Radial_D5.0mm_P2.00mm,57.5,-93.655113,90.0,top
C7,47u,CP_Radial_D5.0mm_P2.00mm,51.5,-93.655113,90.0,top
C8,47u,CP_Radial_D5.0mm_P2.00mm,53.6,-101.9,-90.0,top
C9,47u,CP_Radial_D5.0mm_P2.00mm,59.6,-101.9,-90.0,top
D1,BAS316,D_SOD-323,77.75,-110.95,0.0,top
D2,BAS316,D_SOD-323,82.25,-118.0,0.0,top
D3,Z2SMBJ13A,D_SMB,140.023268,-92.45,90.0,top
J1,Conn_01x08_Pin,JST_XH_B8B-XH-A_1x08_P2.50mm_Vertical,34.2,-99.65,-90.0,top
J10,Conn_01x04_Pin,FanPinHeader_1x04_P2.54mm_Vertical,181.73,-141.3475,180.0,top
J11,Conn_01x04_Pin,FanPinHeader_1x04_P2.54mm_Vertical,166.73,-141.3475,180.0,top
J12,Conn_01x04_Pin,FanPinHeader_1x04_P2.54mm_Vertical,151.73,-141.3475,180.0,top
J13,Conn_01x12_Socket,PinSocket_1x12_P2.54mm_Vertical,173.3296,-70.5866,0.0,top
J14,Conn_01x16_Socket,PinSocket_1x16_P2.54mm_Vertical,153.0,-65.5066,0.0,top
J2,Conn_01x03_Pin,JST_XH_B3B-XH-A_1x03_P2.50mm_Vertical,34.0,-60.5,-90.0,top
J3,Conn_01x04_Pin,FanPinHeader_1x04_P2.54mm_Vertical,229.8475,-57.77,-90.0,top
J4,Conn_01x04_Pin,FanPinHeader_1x04_P2.54mm_Vertical,229.8475,-72.27,-90.0,top
J5,Conn_01x04_Pin,FanPinHeader_1x04_P2.54mm_Vertical,229.8475,-86.77,-90.0,top
J6,Conn_01x04_Pin,FanPinHeader_1x04_P2.54mm_Vertical,229.8475,-101.27,-90.0,top
J7,Conn_01x04_Pin,FanPinHeader_1x04_P2.54mm_Vertical,229.8475,-115.77,-90.0,top
J8,Conn_01x04_Pin,FanPinHeader_1x04_P2.54mm_Vertical,211.73,-141.3475,180.0,top
J9,Conn_01x04_Pin,FanPinHeader_1x04_P2.54mm_Vertical,196.73,-141.3475,180.0,top
L1,47u,L_Wuerth_HCF-2013,74.35,-80.4,0.0,top
L2,3.3u,L_TDK_VLS6045EX_VLS6045AF,97.475,-67.875,90.0,top
Q1,BSC098N10NS5,Infineon_PG-TDSON-8_6.15x5.15mm,65.305,-95.475,-90.0,top
Q2,BSC098N10NS5,Infineon_PG-TDSON-8_6.15x5.15mm,71.095,-95.475,90.0,top
Q3,BSC098N10NS5,Infineon_PG-TDSON-8_6.15x5.15mm,83.395,-95.475,-90.0,top
Q4,BSC098N10NS5,Infineon_PG-TDSON-8_6.15x5.15mm,77.605,-95.475,90.0,top
Q5,2N3904,TSOT-23,96.0,-122.95,0.0,top
R1,1.5kOhm,R_0603_1608Metric,179.0,-82.95,90.0,top
R10,100k,R_0603_1608Metric,71.05,-112.1,90.0,top
R11,93.1k,R_0603_1608Metric,63.4,-111.5,180.0,top
R12,100k,R_0603_1608Metric,64.025,-119.9,180.0,top
R13,82k,R_0603_1608Metric,63.4,-114.7,180.0,top
R14,0,R_0603_1608Metric,63.4,-113.1,180.0,top
R15,2k,R_0603_1608Metric,67.85,-112.1,-90.0,top
R16,0,R_0603_1608Metric,62.875,-91.0,180.0,top
R17,0,R_0603_1608Metric,79.7,-107.9,90.0,top
R18,0,R_0603_1608Metric,88.2,-91.4,180.0,top
R19,0,R_0603_1608Metric,82.8,-108.375,90.0,top
R2,100k,R_0603_1608Metric,52.9,-78.4,-90.0,top
R20,100,R_0603_1608Metric,74.65,-124.9,-90.0,top
R21,100,R_0603_1608Metric,73.05,-124.9,-90.0,top
R22,20m,R_0612_1632Metric,72.1,-101.65,-90.0,top
R23,20m,R_0612_1632Metric,76.6,-101.65,-90.0,top
R24,0,R_0612_1632Metric,98.45,-97.9,0.0,top
R25,280k,R_0603_1608Metric,71.55,-120.5,180.0,top
R26,20k,R_0603_1608Metric,69.45,-122.8,-90.0,top
R27,100k,R_0603_1608Metric,78.45,-124.725,90.0,top
R28,100k,R_0603_1608Metric,91.7,-123.95,0.0,top
R29,100k,R_0603_1608Metric,99.6,-122.05,-90.0,top
R3,1.5kOhm,R_0603_1608Metric,177.5,-85.45,90.0,top
R30,10k,R_0603_1608Metric,119.5,-70.8,90.0,top
R31,54.9k,R_0603_1608Metric,117.8,-64.2,-90.0,top
R32,10k,R_0603_1608Metric,116.1,-64.2,90.0,top
R33,10m,R_0805_2012Metric,218.0,-56.5,0.0,top
R34,10m,R_0805_2012Metric,218.0,-71.0,0.0,top
R35,10m,R_0805_2012Metric,218.0,-85.5,0.0,top
R36,10m,R_0805_2012Metric,218.0,-100.0,0.0,top
R37,10m,R_0805_2012Metric,218.0,-114.5,0.0,top
R38,10m,R_0805_2012Metric,213.0,-129.5,-90.0,top
R39,10m,R_0805_2012Metric,198.0,-129.5,-90.0,top
R4,100k,R_0603_1608Metric,147.5,-65.125,90.0,top
R40,10m,R_0805_2012Metric,183.0,-129.5,-90.0,top
R41,10m,R_0805_2012Metric,168.0,-129.5,-90.0,top
R42,10m,R_0805_2012Metric,153.0,-129.5,-90.0,top
R5,1m,R_0612_1632Metric,45.5,-96.4,0.0,top
R6,33m,R_0603_1608Metric,139.5,-76.5,90.0,top
R7,1m,R_0612_1632Metric,136.5,-99.3,0.0,top
R8,10m,R_0805_2012Metric,131.25,-56.2,0.0,top
R9,300k,R_0603_1608Metric,69.45,-112.1,-90.0,top
TP71,TestPoint,TestPoint_Keystone_5000-5004_Miniature,223.0,-43.0,0.0,top
TP72,TestPoint,TestPoint_Keystone_5000-5004_Miniature,38.0,-43.0,0.0,top
TP73,TestPoint,TestPoint_Keystone_5000-5004_Miniature,32.0,-134.5,0.0,top
TP74,TestPoint,TestPoint_Keystone_5000-5004_Miniature,229.5,-134.0,0.0,top
TP75,TestPoint,TestPoint_Keystone_5000-5004_Miniature,88.0,-54.5,0.0,top
TP76,TestPoint,TestPoint_Keystone_5000-5004_Miniature,138.0,-118.0,0.0,top
TP77,TestPoint,TestPoint_Keystone_5000-5004_Miniature,144.4,-53.9,0.0,top
TP78,TestPoint,TestPoint_Keystone_5000-5004_Miniature,206.2226,-84.4804,0.0,top
U1,INA226,VSSOP-10_3x3mm_P0.5mm,50.0,-83.0,0.0,top
U10,INA226,VSSOP-10_3x3mm_P0.5mm,219.0,-105.5,90.0,top
U11,INA226,VSSOP-10_3x3mm_P0.5mm,219.0,-120.0,90.0,top
U12,INA226,VSSOP-10_3x3mm_P0.5mm,207.5,-130.5,0.0,top
U13,INA226,VSSOP-10_3x3mm_P0.5mm,192.5,-130.5,0.0,top
U14,INA226,VSSOP-10_3x3mm_P0.5mm,177.5,-130.5,0.0,top
U15,INA226,VSSOP-10_3x3mm_P0.5mm,162.5,-130.5,0.0,top
U16,INA226,VSSOP-10_3x3mm_P0.5mm,147.5,-130.5,0.0,top
U2,INA226,VSSOP-10_3x3mm_P0.5mm,141.4,-108.1,90.0,top
U3,INA226,VSSOP-10_3x3mm_P0.5mm,145.0,-75.5,180.0,top
U4,INA226,VSSOP-10_3x3mm_P0.5mm,134.0,-61.7,90.0,top
U5,LM5176RHF,VQFN-28-1EP_4x5mm_P0.5mm_EP2.55x3.55mm,73.6,-116.55,0.0,top
U6,TPS563201,SOT-23-6,111.075,-69.875,0.0,top
U7,INA226,VSSOP-10_3x3mm_P0.5mm,219.0,-62.0,90.0,top
U8,INA226,VSSOP-10_3x3mm_P0.5mm,219.0,-76.5,90.0,top
U9,INA226,VSSOP-10_3x3mm_P0.5mm,219.0,-91.0,90.0,top
